{"cameraMode":{"drawMode":0,"name":"Shaded","section":"Shading Mode"},"sceneLighting":true,"audioPlay":false,"sceneViewState":{"showFog":true,"showMaterialUpdate":false,"showSkybox":true,"showFlares":true,"showImageEffects":true,"showParticleSystems":true},"in2DMode":false,"pivot":{"x":11.066079139709473,"y":-5.701905727386475,"z":4.430998802185059},"rotation":{"x":0.2186504304409027,"y":0.5700873136520386,"z":-0.16072487831115724,"w":0.7754979133605957},"size":22.0697078704834,"orthographic":false}