{"cameraMode":{"drawMode":0,"name":"Shaded","section":"Shading Mode"},"sceneLighting":false,"audioPlay":false,"sceneViewState":{"showFog":true,"showMaterialUpdate":false,"showSkybox":false,"showFlares":true,"showImageEffects":true,"showParticleSystems":true},"in2DMode":false,"pivot":{"x":-19.759998321533204,"y":41.29999923706055,"z":7.188793182373047},"rotation":{"x":0.025023099035024644,"y":0.785471498966217,"z":0.0318201519548893,"w":-0.617594301700592},"size":15.607101440429688,"orthographic":false}