{"cameraMode":{"drawMode":0,"name":"Shaded","section":"Shading Mode"},"sceneLighting":true,"audioPlay":false,"sceneViewState":{"showFog":true,"showMaterialUpdate":false,"showSkybox":true,"showFlares":true,"showImageEffects":true,"showParticleSystems":true},"in2DMode":false,"pivot":{"x":5.960464477539063e-8,"y":2.250999927520752,"z":-1.1920928955078126e-7},"rotation":{"x":0.24954034388065339,"y":0.02758878283202648,"z":-0.007113909348845482,"w":0.967948317527771},"size":6.566916465759277,"orthographic":false}