{"cameraMode":{"drawMode":0,"name":"Shaded","section":"Shading Mode"},"sceneLighting":true,"audioPlay":false,"sceneViewState":{"showFog":true,"showMaterialUpdate":false,"showSkybox":true,"showFlares":true,"showImageEffects":true,"showParticleSystems":true},"in2DMode":false,"pivot":{"x":-0.13490772247314454,"y":5.702476501464844,"z":5.488365173339844},"rotation":{"x":-0.17482419312000276,"y":0.03012034110724926,"z":-0.005348626058548689,"w":-0.984128475189209},"size":73.46733093261719,"orthographic":false}