{"cameraMode":{"drawMode":0,"name":"Shaded","section":"Shading Mode"},"sceneLighting":true,"audioPlay":false,"sceneViewState":{"showFog":true,"showMaterialUpdate":false,"showSkybox":true,"showFlares":true,"showImageEffects":true,"showParticleSystems":true},"in2DMode":false,"pivot":{"x":255.71688842773438,"y":-61.93976593017578,"z":122.76599884033203},"rotation":{"x":-0.09198382496833801,"y":-0.5260890126228333,"z":0.05735089257359505,"w":-0.8435088396072388},"size":309.6101379394531,"orthographic":false}